Model,AUPRC (Primary),ROC-AUC,Min Cost/Tx,Optimal Threshold
lgb,0.5922362517430714,0.9076934829615424,$1.93,0.0
xgb,0.5340994276666686,0.8819853417882364,$1.93,0.0
mlp_prob,0.35034003058088276,0.8483423811316644,$1.93,0.0
iso,0.09967808051421338,0.7722628040268752,$1.93,0.0
ae_semi_supervised,0.06692499142759582,0.7127434492578772,$1.93,0.0
ae_supervised,0.0638342992201609,0.704757338961865,$1.93,0.0
lof,0.041491758586005796,0.560784025425882,$1.93,0.0
