Model,AUPRC (Primary),ROC-AUC,Min Cost/Tx,Optimal Threshold
lgb,0.5331539805947998,0.917266184318416,$1.46,0.04
xgb,0.5170118606412927,0.8995014736679888,$1.72,0.02
mlp_prob,0.36641643652619094,0.8566591005453897,$1.93,0.0
iso,0.09881842008876428,0.7697155005720958,$1.93,0.0
ae_semi_supervised,0.06610712849389405,0.7109601603466627,$1.93,0.0
ae_supervised,0.06443000284341681,0.7078593802171119,$1.93,0.0
lof,0.04055225659243218,0.550709721841715,$1.93,0.0
