Model,AUPRC (Primary),ROC-AUC,Min Cost/Tx,Optimal Threshold
lgb,0.4978188810830144,0.8387935613754334,$4.78,0.01
xgb,0.45773527292082433,0.8247030295124556,$4.39,0.01
mlp_prob,0.28959003291058105,0.8297442101955074,$2.19,0.01
iso,0.09710879914296677,0.7716163692861363,$2.22,0.01
ae_semi_supervised,0.06594767538478458,0.7201961662220892,$17.37,0.01
ae_supervised,0.06113431250059881,0.7078405633038122,$17.37,0.01
lof,0.04249450780412552,0.5671630527240805,$17.37,0.28
