Model,AUPRC (Primary),ROC-AUC,Min Cost/Tx,Optimal Threshold
lgb,0.48862967336888474,0.8380745896395427,$4.76,0.01
xgb,0.45618932600519024,0.8203221955020551,$3.21,0.01
mlp_prob,0.29238693111539543,0.8325731530807955,$2.18,0.01
iso,0.09894114756268406,0.7719024116415437,$2.19,0.01
ae_semi_supervised,0.06637553632263185,0.7220578885111926,$17.37,0.01
ae_supervised,0.061514238389983926,0.7095216302582628,$17.37,0.01
lof,0.04249449378512849,0.5671630565178464,$17.37,0.28
