Model,AUPRC (Primary),ROC-AUC,Min Cost/Tx,Optimal Threshold
xgb,0.9612908899837279,0.9997553861904289,$0.05,0.01
mlp_prob,0.7122974598713355,0.9746236569564617,$0.39,0.01
lgb,0.63352799667529,0.9974349035216603,$0.02,0.01
ae_semi_supervised,0.20698973947511903,0.8363098270648317,$1.99,0.0
ae_supervised,0.02811092044291724,0.7689718218723357,$1.99,0.0
iso,0.018341477174718242,0.7862902598030002,$1.24,0.03
lgb_base,0.0042866341345837115,0.5059750888905964,$1.99,0.0
lgb_eng,0.0042866341345837115,0.5059750888905964,$1.99,0.0
lof,0.002719173450228121,0.30318432341480855,$1.99,0.0
