Model,AUPRC,ROC-AUC,Precision@0.5,Recall@0.5,F1@0.5
lgb,0.9995314307200843,0.9997495364684423,0.984031474195788,0.999529854254819,0.9917201166180758
xgb,0.9973932785274071,0.9999834346902643,0.9693165969316597,0.9802538787023978,0.9747545582047685
mlp_prob,0.8240959901884631,0.9930515561979115,0.22353566995685326,0.8890456041372825,0.35724743777452417
ae_semi_supervised,0.3554682127312526,0.9101051332733461,1.0,0.05030559473436765,0.09579230080572963
ae_supervised,0.04822917923320346,0.8195018890219312,1.0,0.0014104372355430183,0.0028169014084507044
iso,0.04683786337604908,0.8572932844758685,0.04546854151698655,0.41654913023037143,0.08198769259242122
lof,0.0018041989695426995,0.1521290128604899,0.0,0.0,0.0
