Model,AUPRC (Primary),ROC-AUC,Min Cost/Tx,Optimal Threshold
xgb,1.0,1.0,$0.00,0.15
lgb_eng,0.9995170524305839,0.9999503396578459,$0.00,0.01
mlp_prob,0.8863865912531047,0.9977471089791847,$0.06,0.02
lgb_base,0.5937700003679449,0.9980007931390268,$0.02,0.01
ae_semi_supervised,0.23707030040254962,0.8756867728473856,$1.67,0.01
ae_supervised,0.20783090072424115,0.8809109796396868,$1.67,0.01
iso,0.04573222227303977,0.850029441984372,$0.76,0.1
lof,0.0018469670775593159,0.18113758677870406,$1.67,1.0
