Metric,Baseline,Engineered
ROC-AUC,0.9158783138715352,0.917266184318416
AUPRC,0.5332164906121809,0.5331539805947998
