Metric,Baseline,Engineered
ROC-AUC,0.8948588759707706,0.8967566162725831
AUPRC,0.544175471419388,0.5584952878262239
