Metric,Baseline,Engineered
ROC-AUC,0.9117813922019292,0.8894554013406684
AUPRC,0.6052960706201241,0.6076995337656111
