Metric,Baseline,Engineered
ROC-AUC,0.9147041663383737,0.8911221651213396
AUPRC,0.6099497310977746,0.6081677325942555
