Metric,Baseline,Engineered
ROC-AUC,0.9070920910619661,0.9076934829615424
AUPRC,0.576368252103915,0.5922362517430714
