Metric,Baseline,Engineered
ROC-AUC,0.9933839604396448,0.9933839604396448
AUPRC,0.1781693488734995,0.1781693488734995
