Metric,Baseline,Engineered
ROC-AUC,0.9749431400463218,0.9999999869415903
AUPRC,0.07872714895376759,0.9999562196273665
