Metric,Baseline,Engineered
ROC-AUC,0.9976972686629244,0.9998541654621282
AUPRC,0.9016275136957194,0.9995393304294645
