Metric,Baseline,Engineered
ROC-AUC,0.9980007931390268,0.9999503344680674
AUPRC,0.5937700003679449,0.9995170524305839
